seqIndex,prediction,distToMargin,P(-1),P(+1)
1,-1,-1.6709975642914583,0.9957897685104532,0.0042102314895469135
2,-1,-1.3975646027811162,0.9896486281286779,0.010351371871322165
3,-1,-1.5528570544376614,0.9937892045885168,0.006210795411483149
4,-1,-1.5983484677106266,0.9946526695906208,0.005347330409379082
5,-1,-1.34680123997507,0.9877685821119715,0.012231417888028449
6,-1,-1.383070472512969,0.989143365010424,0.01085663498957613
7,-1,-1.7395372776915785,0.996639994429581,0.0033600055704189804
8,-1,-1.3163148063583228,0.9864796201138748,0.013520379886125084
9,-1,-1.4829449264251882,0.9921829826743117,0.007817017325688423
10,-1,-1.4957809490943654,0.9925062009186618,0.007493799081338156
11,-1,-1.504901805016563,0.992727722900087,0.007272277099912844
12,-1,-1.0669137518734,0.9693815143355787,0.03061848566442125
13,-1,-1.0657796015793717,0.9692679779729504,0.030732022027049468
14,-1,-0.9463889787528073,0.9547002715090825,0.04529972849091733
15,-1,-0.15660107898604572,0.6179304852598096,0.3820695147401904
16,-1,-0.24125340255122785,0.6822157552411119,0.31778424475888817
17,-1,-0.6861262888629018,0.9027644419480259,0.09723555805197437
18,-1,-0.4572203551011015,0.8137938524420768,0.18620614755792325
19,-1,-1.0808548663348674,0.9707438473619876,0.029256152638012303
20,-1,-0.3302417609086614,0.7420955654668216,0.2579044345331785
21,-1,-0.4208268235733522,0.7949555580043087,0.20504444199569147
22,-1,-0.30643207015469875,0.7268137789894579,0.273186221010542
23,-1,-0.08402445201026454,0.5612028922750463,0.4387971077249536
24,-1,-0.19956987469880746,0.6493748944399163,0.35062510556008364
25,-1,-0.3288875767293205,0.7412415350801327,0.2587584649198674
26,-1,-0.4560437765966143,0.813206274840946,0.18679372515905399
27,-1,-0.5308015794609098,0.8477489605487858,0.1522510394512141
28,-1,-0.3954035888738344,0.7809782370619485,0.2190217629380515
29,-1,-0.6464384268162717,0.8906782006007542,0.10932179939924597
30,-1,-0.6915418748557578,0.9043180367139159,0.09568196328608412
31,-1,-0.8048049784044743,0.9320726075322334,0.06792739246776652
32,-1,-0.6329228510019302,0.8862704688166043,0.11372953118339585
33,-1,-0.7561085271602339,0.9211939473256429,0.0788060526743571
34,-1,-0.6743563810199593,0.89931015226307,0.10068984773693021
35,-1,-0.8422921139279158,0.9394806991025475,0.060519300897452694
36,-1,-0.5266065887340982,0.8459581404361224,0.1540418595638778
37,-1,-0.09105803028458902,0.5668572486584139,0.4331427513415861
38,-1,-0.09622017889944419,0.570989968325546,0.42901003167445395
39,-1,-0.05477501969097823,0.537454474457713,0.4625455255422869
40,-1,-0.4182452325553191,0.7935669698063855,0.20643303019361445
41,-1,-0.7657770296398695,0.923473562605225,0.07652643739477519
42,-1,-0.6756667199761581,0.8997000421848617,0.10029995781513822
43,-1,-0.6796644571013004,0.9008812855987984,0.09911871440120165
44,-1,-0.5602636736454505,0.8598484685174445,0.14015153148255563
45,-1,-0.6974942482808574,0.9059999822037068,0.09400001779629329
46,-1,-0.4591372265697604,0.8147480742250301,0.18525192577497002
47,-1,-0.3576596083100454,0.7589877380611104,0.24101226193888953
48,-1,-0.5519734181272005,0.8565275619003277,0.14347243809967228
49,-1,-0.7866876007302408,0.9281981975162318,0.0718018024837684
50,-1,-0.6804517747547505,0.9011124565078164,0.09888754349218357
51,-1,-1.1482967627050797,0.976534958924454,0.02346504107554621
52,-1,-1.2232187280436362,0.9816450141437408,0.018354985856259123
53,-1,-1.5418002132438102,0.9935590912344966,0.006440908765503434
54,-1,-1.6720474825620795,0.9958042911504298,0.004195708849570126
55,-1,-1.3044066638066119,0.9859401397069439,0.014059860293055967
56,-1,-1.3474372930271805,0.9877941268953496,0.012205873104650369
57,-1,-1.2897498081541943,0.9852466059970103,0.014753394002989698
58,-1,-1.0802684578101986,0.9706877647218587,0.029312235278141127
59,-1,-1.4721955202896477,0.9919016186579132,0.008098381342086867
60,-1,-2.5350945345135902,0.9997550435748428,0.0002449564251572264
61,-1,-2.5108069669729023,0.9997346563538243,0.00026534364617576
62,-1,-2.029987670932408,0.9987083278563128,0.001291672143687239
63,-1,-1.6320540145147269,0.9952140739773684,0.004785926022631621
64,-1,-1.6907655879071537,0.9960549585792068,0.003945041420793283
65,-1,-1.4980170745418027,0.9925611265750962,0.00743887342490383
66,-1,-1.6867279183810597,0.99600218539051,0.003997814609490018
67,-1,-1.6043041636951225,0.9947564489295748,0.005243551070425207
68,-1,-1.5003331576852885,0.9926175922824673,0.007382407717532722
69,-1,-1.5936750723266055,0.9945697992346414,0.005430200765358592
70,-1,-1.6541516797378746,0.9955497616454121,0.004450238354587975
71,-1,-1.3864784543043758,0.9892643362977567,0.010735663702243357
72,-1,-1.3948662109666088,0.9895563738210733,0.010443626178926671
73,-1,-1.5193394747889029,0.9930650797931179,0.00693492020688214
74,-1,-1.7294911125483887,0.996527040932757,0.0034729590672431658
75,-1,-0.7784786643405548,0.926376396268152,0.07362360373184795
76,-1,-0.9931705058836653,0.9610720068105332,0.03892799318946685
77,-1,-0.7168170572412675,0.9112786251224858,0.08872137487751434
78,-1,-0.2591256357981536,0.6948307801147247,0.30516921988527523
79,-1,-0.6384825529966299,0.8881020704868532,0.11189792951314659
80,-1,-0.5609128806107309,0.8601057920445156,0.1398942079554845
81,-1,-0.6542942673723794,0.8931707406441892,0.10682925935581067
82,-1,-0.5712730422099889,0.864158883834356,0.13584111616564387
83,-1,-0.257819712099007,0.6939185372890648,0.30608146271093495
84,-1,-0.49212627166351597,0.8305808496962165,0.16941915030378335
85,-1,-0.3838948829747976,0.7744295298908718,0.22557047010912823
86,-1,-0.21311967958870076,0.6589145707265646,0.34108542927343544
87,-1,-0.48726688477059354,0.8283181437085684,0.17168185629143148
88,-1,-0.4001915162188808,0.7836620596116781,0.2163379403883217
89,-1,-0.5719964102008525,0.8644381499493482,0.1355618500506519
90,-1,-0.5275533642633427,0.8463638135342311,0.1536361864657687
91,-1,-0.5566192760585181,0.8583965922644607,0.1416034077355394
92,-1,-0.3384609337363793,0.747239481504255,0.252760518495745
93,-1,-0.6234985834412522,0.8831060169496364,0.11689398305036368
94,-1,-0.8443249299940502,0.9398600256766159,0.060139974323384075
95,-1,-0.636306979747877,0.8873884345465239,0.11261156545347609
96,-1,-0.6532519503051875,0.8928429311016935,0.10715706889830622
97,-1,-0.6427386880568043,0.8894867509591332,0.11051324904086689
98,-1,-0.6787671521582201,0.9006172340820141,0.09938276591798584
99,-1,-0.5949110628440744,0.8730365640555419,0.1269634359444582
100,-1,-0.22534123805848155,0.6673638602550237,0.33263613974497624
101,-1,-0.20624957301996213,0.6541004153416572,0.34589958465834286
102,-1,-0.09531493146222289,0.5702663488618682,0.4297336511381316
103,-1,-0.6845253010434298,0.9023008664255802,0.09769913357441978
104,-1,-0.7352743529864886,0.9160694441009192,0.08393055589908081
105,-1,-0.8013964327972605,0.9313588016186033,0.06864119838139697
106,-1,-0.7559202086014302,0.9211489353677055,0.07885106463229448
107,-1,-0.7519189101364111,0.9201869721120505,0.07981302788794946
108,-1,-0.4515879604075704,0.8109681187486109,0.18903188125138914
109,-1,-0.5231162726750307,0.8444550433452462,0.15554495665475362
110,-1,-0.43699606530309587,0.8034948687154398,0.19650513128456004
111,-1,-0.6559270881169951,0.8936824892159618,0.10631751078403837
112,-1,-0.4583857996575134,0.814374463612994,0.18562553638700593
113,-1,-1.0969974262883224,0.9722468372310983,0.02775316276890157
114,-1,-1.2442584776347603,0.9828696394073112,0.01713036059268874
115,-1,-1.0994172353432865,0.9724654777977781,0.02753452220222189
116,-1,-1.5641430446919973,0.9940156166240363,0.005984383375963789
117,-1,-1.4134411003313874,0.9901751871431984,0.009824812856801554
118,-1,-1.4569103921123159,0.9914840296049015,0.008515970395098434
119,-1,-1.3623000933970326,0.9883761228410048,0.011623877158995108
120,-1,-1.3321610019168455,0.9871656483177339,0.012834351682266062
121,-1,-1.4704523523530324,0.9918550478294025,0.008144952170597493
122,-1,-1.6846494305141388,0.99597474455782,0.0040252554421799334
123,-1,-2.510802393227912,0.9997346523590384,0.0002653476409615624
124,-1,-2.1048502942432803,0.9989904330936581,0.001009566906342057
125,-1,-1.8555291663899773,0.9977062888169137,0.002293711183086398
126,-1,-1.7683314704170583,0.9969437988344281,0.0030562011655719803
127,-1,-1.6281296454074234,0.9951518648823295,0.004848135117670512
128,-1,-1.7051011339301863,0.9962367641576375,0.0037632358423625024
129,-1,-1.4900676345696573,0.9923640187018019,0.00763598129819829
130,-1,-1.618465333710547,0.9949951983694865,0.005004801630513518
131,-1,-1.521120730421798,0.9931056028827596,0.006894397117240396
132,-1,-1.716585096430503,0.9963763441456277,0.003623655854372371
133,-1,-1.3218360265453963,0.9867227020122153,0.013277297987784788
134,-1,-1.4202945518897312,0.9903941453026486,0.009605854697351455
135,-1,-1.7458322879570172,0.9967088925869148,0.003291107413085157
136,-1,-1.446067413150224,0.9911748273605918,0.008825172639408152
137,-1,-0.7211293838610968,0.9124195756315779,0.08758042436842231
138,-1,-0.7636724470882789,0.9229825566044374,0.0770174433955628
139,-1,-0.8136724799887907,0.93389748234475,0.06610251765525003
140,-1,-0.6523619153176609,0.8925623140817236,0.10743768591827646
141,-1,-0.5613295723975626,0.8602707459446218,0.13972925405537803
142,-1,-0.7589523989961405,0.921870839171938,0.07812916082806182
143,-1,-0.1822124111225617,0.6368890017863672,0.3631109982136327
144,-1,-0.4047613929043598,0.7862013745525451,0.21379862544745468
145,-1,-0.32825269268010066,0.740840505563464,0.25915949443653563
146,-1,-0.5570030639838546,0.8585500775840603,0.14144992241593965
147,-1,-0.49070992602837055,0.8299238097349034,0.1700761902650966
148,-1,-0.509895115869887,0.8386527255589432,0.1613472744410571
149,-1,-0.5488001164667766,0.8552391701347544,0.1447608298652455
150,-1,-0.5392463887040861,0.851302178375967,0.14869782162403322
151,-1,-0.5681850716605309,0.8629612737380904,0.13703872626190958
152,-1,-0.6716125427185903,0.8984893642309745,0.10151063576902557
153,-1,-0.2587027784038138,0.6945355632977644,0.30546443670223555
154,-1,-0.29985052088178016,0.7224912149807974,0.2775087850192028
155,-1,-0.6659971898702534,0.8967910777936187,0.1032089222063813
156,-1,-0.8590522441957362,0.9400198177955229,0.05998018220447703
157,-1,-0.5352451358845105,0.8496272268816472,0.1503727731183529
158,-1,-0.626272310739722,0.8840452222463062,0.11595477775369371
159,-1,-0.4838154772788258,0.8266965391091539,0.17330346089084622
160,-1,-0.7528035072241066,0.9204005591056904,0.07959944089430951
161,-1,-0.7243969822258658,0.9132752625147258,0.08672473748527425
162,-1,-0.24318047240819374,0.6835893486417572,0.3164106513582427
163,-1,-0.25822393016194545,0.6942010635390895,0.3057989364609106
164,-1,-0.35811728857278635,0.7592632084167616,0.24073679158323832
165,-1,-0.6657759257726322,0.8967236473232132,0.10327635267678674
166,-1,-0.8636878270369795,0.9409012564445247,0.05909874355547535
167,-1,-0.8741421015270442,0.9428443794044197,0.05715562059558034
168,-1,-0.9336592065790069,0.952798642380834,0.047201357619165885
169,-1,-0.5078979006484949,0.8377611779696763,0.16223882203032378
170,-1,-0.5174251851287609,0.8419785559724489,0.15802144402755097
171,-1,-0.6070010731412654,0.8773825919519503,0.12261740804804984
172,-1,-0.5454411667399299,0.8538649473551624,0.14613505264483756
173,-1,-0.3514146702375438,0.7552075514820021,0.2447924485179978
174,-1,-0.8593548652854298,0.940077736347015,0.05992226365298494
175,-1,-1.195080578878526,0.9798702482181746,0.020129751781825394
176,-1,-1.123308705069075,0.9745349445386399,0.02546505546136002
177,-1,-1.143591347081555,0.9761706093402137,0.02382939065978617
178,-1,-1.3349398608769658,0.9872823259826807,0.012717674017319313
179,-1,-1.5567392777515288,0.9938680369572499,0.006131963042750035
180,-1,-1.468669875641108,0.9918071502245994,0.008192849775400553
181,-1,-1.4087929679414928,0.9900238576576987,0.00997614234230125
182,-1,-1.7218099111166956,0.9964381235356707,0.003561876464329349
183,-1,-1.6932775174615602,0.996087438038164,0.0039125619618360355
184,-1,-1.7144489184914224,0.9963507780116436,0.0036492219883564286
185,-1,-2.129847604205154,0.9990701755526445,0.0009298244473553908
186,-1,-1.9161829914807973,0.9981213934965482,0.001878606503451905
187,-1,-1.8778695931321596,0.997868899625195,0.00213110037480502
188,-1,-1.6500842015347534,0.9954897904871075,0.004510209512892591
189,-1,-1.6191186040459622,0.995005946084516,0.004994053915484076
190,-1,-1.599113697099999,0.9946661179745608,0.005333882025439306
191,-1,-1.5583565970164313,0.9939005824489014,0.006099417551098495
192,-1,-1.5921149976462428,0.9945418506434778,0.005458149356522279
193,-1,-1.6582557647656446,0.9956094646592669,0.004390535340733135
194,-1,-1.3568144736151415,0.9881646121002354,0.011835387899764424
195,-1,-1.657273743078873,0.9955952522531681,0.004404747746831888
196,-1,-1.4643725307823716,0.9916905148513423,0.008309485148657715
197,-1,-1.3883644628864866,0.9893307038351618,0.010669296164838214
198,-1,-0.5069904909126605,0.8373548039613311,0.16264519603866892
199,-1,-0.8686915296020746,0.9418389572494514,0.05816104275054854
200,-1,-1.1716008095600159,0.9782596829203641,0.021740317079635838
201,-1,-0.5878119834842649,0.870423762142077,0.12957623785792305
202,-1,-0.7690830990655799,0.9242390843625966,0.07576091563740339
203,-1,-0.29471823386722806,0.7190914055128061,0.2809085944871938
204,-1,-0.042919883518435044,0.5277505950049478,0.47224940499505214
205,-1,-0.46438909896977415,0.8173430976702145,0.18265690232978563
206,-1,-0.3898198229560171,0.7778181601483897,0.22218183985161025
207,-1,-0.6512935138597031,0.8922246067950212,0.1077753932049786
208,-1,-0.7809617498599554,0.926931908415839,0.07306809158416114
209,-1,-0.5704417044737315,0.8638373358648221,0.13616266413517775
210,-1,-0.6884478961501688,0.9034331902498005,0.09656680975019917
211,-1,-0.6923543310351757,0.9045491860966287,0.0954508139033714
212,-1,-0.793509610029471,0.9296804591593909,0.07031954084060908
213,-1,-0.36492354370462904,0.7633343664119927,0.23666563358800763
214,-1,-0.2328223068965444,0.6724639947287805,0.3275360052712194
215,-1,-0.3557264486582944,0.7578218287829789,0.2421781712170212
216,-1,-0.6847424002195731,0.9023638440906222,0.09763615590937777
217,-1,-0.768427607525028,0.9240878658901147,0.07591213410988526
218,-1,-0.5036641682985927,0.8358581297315478,0.16414187026845228
219,-1,-0.4733941604748769,0.82172677096797,0.17827322903203022
220,-1,-0.5530063912493447,0.856944894856282,0.14305510514371786
221,-1,-0.8951747525698771,0.9465715922368216,0.053428407763178316
222,-1,-0.7347365432553649,0.9159332344399347,0.08406676556006519
223,-1,-0.29879921753727706,0.721796861434496,0.278203138565504
224,-1,-0.5206391298271128,0.8433810233478607,0.15661897665213942
225,-1,-0.3460092037627944,0.7519033160564508,0.24809668394354947
226,-1,-0.7960379045175495,0.9302225788551396,0.06977742114486035
227,-1,-0.9364421860804628,0.9532208392283752,0.04677916077162468
228,-1,-1.0419062796429364,0.9667797576611284,0.03322024233887162
229,-1,-0.6840321441622214,0.902157673373121,0.09784232662687892
230,-1,-0.5620711110571442,0.8605638925780502,0.13943610742194987
231,-1,-0.6007498548234438,0.8751516563438312,0.12484834365616915
232,-1,-0.7133487865120863,0.91035127737576,0.08964872262423981
233,-1,-0.2514163163175444,0.689423553211504,0.31057644678849616
234,-1,-0.7326001756124698,0.9153901775083636,0.08460982249163647
235,-1,-0.9508752050476355,0.9553526504447903,0.04464734955520978
236,-1,-1.0876751139165675,0.9713884054085229,0.028611594591477194
237,-1,-1.1662844005637605,0.9778776256588678,0.022122374341132088
238,-1,-1.4116338073058392,0.9901166211863259,0.009883378813674142
239,-1,-1.4789146539988214,0.9920786536212676,0.007921346378732397
240,-1,-1.5660723587155765,0.9940534872780591,0.005946512721940821
241,-1,-1.5058458658430687,0.9927502747576067,0.007249725242393221
242,-1,-1.7717186491856776,0.9969776810377432,0.0030223189622567066
243,-1,-1.9434746701883887,0.9982827927301896,0.0017172072698104829
244,-1,-1.7411278665268721,0.9966575382141246,0.003342461785875354
245,-1,-1.391615831662043,0.9894441577684717,0.010555842231528358
246,-1,-1.935601164907436,0.9982377082201292,0.0017622917798706809
247,-1,-1.8894941821124653,0.9979488997231495,0.0020511002768505682
248,-1,-1.5790459499837413,0.9943020013349215,0.005697998665078338
249,-1,-1.7359348461261908,0.9965999194145005,0.003400080585499484
250,-1,-1.5443490372730833,0.9936128812982095,0.0063871187017904806
251,-1,-1.6267810515295513,0.9951303009028714,0.004869699097128703
252,-1,-1.549247000273595,0.9937149904618354,0.006285009538164591
253,-1,-1.6921460466773413,0.9960728412457077,0.003927158754292382
254,-1,-1.5814152410744122,0.9943462521649239,0.005653747835076107
255,-1,-1.3856288358527615,0.9892343042937536,0.010765695706246426
256,-1,-1.4138596739856553,0.9901887016877186,0.009811298312281332
257,-1,-0.872174201274201,0.9424832904498491,0.057516709550150986
258,-1,-0.6379232361023102,0.8879189805807315,0.1120810194192684
259,-1,-1.221706845579162,0.9815537352965578,0.018446264703442163
260,-1,-1.082387853331361,0.9708899596019167,0.02911004039808317
261,-1,-0.8116273762191015,0.9334806977030385,0.06651930229696157
262,-1,-0.31593125617945267,0.7329779281468818,0.2670220718531181
263,-1,-0.15962293986605838,0.6201997283025629,0.3798002716974372
264,-1,-0.11212149413919854,0.5836175722185181,0.4163824277814819
265,-1,-0.5157466291429577,0.8412420389204306,0.15875796107956944
266,-1,-0.4826273641381804,0.8261355238064703,0.17386447619352957
267,-1,-0.9371814378897247,0.9533323756068754,0.046667624393124454
268,-1,-0.8289999224493513,0.9369446934020497,0.06305530659795038
269,-1,-0.71284759766354,0.9102165488617578,0.08978345113824218
270,-1,-0.830975594244723,0.9373278064135254,0.0626721935864746
271,-1,-0.8237329197408472,0.9359126428422165,0.06408735715778344
272,-1,-0.48170979828789134,0.8257012777159198,0.1742987222840803
273,-1,-0.33499121444643026,0.7450762881554317,0.2549237118445682
274,-1,-0.29752628030080763,0.7209546979388989,0.2790453020611009
275,-1,-0.3883247407278635,0.7769665262259651,0.22303347377403476
276,-1,-0.6099360774227905,0.8784181563955981,0.12158184360440177
277,-1,-0.7401439166456504,0.9172936470724411,0.08270635292755874
278,-1,-0.35429402813695826,0.7569554487779385,0.24304455122206137
279,-1,-0.5432044145691183,0.852943855998557,0.1470561440014431
280,-1,-0.6965867704318479,0.9057452816214543,0.09425471837854561
281,-1,-0.9148819148791454,0.9498526917780477,0.050147308221952284
282,-1,-0.7800712380850959,0.9267331299294904,0.07326687007050964
283,-1,-0.5406853345160924,0.8519007554962021,0.14809924450379788
284,-1,-0.5154993900749377,0.8411333203307991,0.15886667966920087
285,-1,-0.4850403971270534,0.8272734352784431,0.17272656472155684
286,-1,-0.8686360770789147,0.9418286428823495,0.058171357117650646
287,-1,-1.096511756207767,0.9722027488633143,0.02779725113668587
288,-1,-0.7895140905541463,0.928815793124213,0.07118420687578704
289,-1,-0.7368427553383557,0.9164655251117214,0.08353447488827867
290,-1,-0.645341956051562,0.8903262771449695,0.10967372285503041
291,-1,-0.6986536309519116,0.9063244869948323,0.09367551300516774
292,-1,-0.42533198850495846,0.7973621701663951,0.2026378298336048
293,-1,-0.6382991628336635,0.8880420673513727,0.11195793264862718
294,-1,-0.8157240180152099,0.9343131391472119,0.06568686085278815
295,-1,-0.8622245700234005,0.9406243525601361,0.059375647439863906
296,-1,-1.1326170683681347,0.9752989496958835,0.024701050304116623
297,-1,-1.4208817774530678,0.9904126782128633,0.009587321787136583
298,-1,-1.4696870326778768,0.9918345169912568,0.008165483008743228
299,-1,-1.491454595802317,0.9923987805329185,0.007601219467081495
300,-1,-1.6027797045018166,0.994730078148634,0.005269921851365963
301,-1,-1.8485628469980595,0.9976530881189458,0.002346911881054082
302,-1,-1.984728957198862,0.9985008335045236,0.0014991664954764627
303,-1,-2.002411689513505,0.9985855996612032,0.0014144003387967553
304,-1,-1.5102576332658968,0.9928547410597407,0.0071452589402593416
305,-1,-1.2208737686737468,0.9815032462477046,0.018496753752295564
